aspect_id,aspect_name,aspect_comment,aspect_ratio,aspect_ratio_comment,key_moment,key_moment_comment,key_moment_ratio,key_moment_ratio_comment,text_id,text_ratio_mean,text_ratio_median
0,Ключевые сектора,"Нефтегазовый сектор (отлучение от сервисных услуг и технологий добычи), машиностроение, базовая электроника, авиастроение, фармацевтика (до 48.2% потребления под санкциями), химическая промышленность (44.7%).",100,"Аспект полностью раскрыт. Текст подробно перечисляет нефтегазовый сектор (отлучение от сервисов и технологий), машиностроение, базовую электронику, авиастроение, фармацевтику и химическую промышленность. Указаны конкретные примеры: проблемы с комплектующими в станкостроении, зависимость фармацевтики от импорта (48.2%).","Отрасли, наиболее пострадавшие от санкций",Санкции сильнее всего ударили по отраслям с высокой зависимостью от импорта технологий и комплектующих.,100,"Ключевой момент раскрыт полностью. Текст детализирует: 1) перечень уязвимых отраслей с примерами (нефтегаз, авиапром, фармацевтика), 2) статистику импортозависимости (данные ЦМАКП), 3) адаптационные механизмы (импортозамещение в IT, переориентация логистики в легкой промышленности). Санкционные последствия проиллюстрированы отраслевыми кейсами и экспертными оценками.",0,94.625,98.5
1,Статистика уязвимости,"По данным ЦМАКП на март 2022: фармацевтика - 48.2% под санкциями, химия - 44.7%, транспортное машиностроение - 32.2%.",100,"Аспект полностью раскрыт. Приведены точные данные ЦМАКП: фармацевтика (48.2%), химическая промышленность (44.7%), транспортное машиностроение (32.2%). Указан период (март 2022 г.) и методология (анализ зависимости от импорта).","Отрасли, наиболее пострадавшие от санкций",Санкции сильнее всего ударили по отраслям с высокой зависимостью от импорта технологий и комплектующих.,100,"Ключевой момент раскрыт полностью. Текст детализирует: 1) перечень уязвимых отраслей с примерами (нефтегаз, авиапром, фармацевтика), 2) статистику импортозависимости (данные ЦМАКП), 3) адаптационные механизмы (импортозамещение в IT, переориентация логистики в легкой промышленности). Санкционные последствия проиллюстрированы отраслевыми кейсами и экспертными оценками.",0,94.625,98.5
2,Текущая адаптация,"IT-сектор демонстрирует эффективное замещение, легкая промышленность стабилизировалась через поставки из нейтральных стран.",100,"Аспект полностью раскрыт. Для IT-сектора отмечено эффективное замещение (комментарий Симачева). В легкой промышленности зафиксирована стабилизация через поставки из нейтральных стран, включая рост числа МСП с 44 тыс. (2022) до 53 тыс. (2025).","Отрасли, наиболее пострадавшие от санкций",Санкции сильнее всего ударили по отраслям с высокой зависимостью от импорта технологий и комплектующих.,100,"Ключевой момент раскрыт полностью. Текст детализирует: 1) перечень уязвимых отраслей с примерами (нефтегаз, авиапром, фармацевтика), 2) статистику импортозависимости (данные ЦМАКП), 3) адаптационные механизмы (импортозамещение в IT, переориентация логистики в легкой промышленности). Санкционные последствия проиллюстрированы отраслевыми кейсами и экспертными оценками.",0,94.625,98.5
0,Стимул для промышленности,"Уход иностранных конкурентов спровоцировал рост отечественных производств, внутренних инвестиций и создание новых предприятий (особенно в IT и легкой промышленности).",90,"Аспект раскрыт почти полностью. Текст содержит прямое подтверждение стимулирующего эффекта санкций: рост отечественного производства и инвестиций (примеры с новыми производствами, IT и лёгкой промышленностью), а также мнение Дмитрия Завьялова о создании производств, которые «в иной ситуации не появились бы». Недостаёт лишь конкретных примеров новых предприятий в IT.",Положительные эффекты санкций для экономики,Санкции стимулировали развитие внутреннего производства и импортозамещение.,97,"Ключевой момент раскрыт почти полностью. Текст системно демонстрирует положительные эффекты санкций: стимул для промышленности (с экспертными оценками), рост МСП (с точной статистикой) и отраслевые достижения (автопром, лёгкая промышленность). Незначительный пробел — отсутствие примеров новых производств в IT, но общий контекст IT-замещения упомянут. Дополнительно усилен тезисом о санкциях как «драйвере развития» от Исаевича.",0,94.625,98.5
1,Рост МСП,Число МСП увеличилось с 5.8 млн (2022) до 6.3 млн (2023). Малый бизнес активно включился в импортозамещение благодаря гибкости и господдержке.,100,"Аспект раскрыт полностью. Приведены точные статистические данные по росту МСП (5.8 млн → 6.3 млн предприятий), описаны причины: гибкость МСП, их роль в импортозамещении и господдержка. Цитата Александра Исаевича из «Корпорации МСП» полностью подтверждает тезис.",Положительные эффекты санкций для экономики,Санкции стимулировали развитие внутреннего производства и импортозамещение.,97,"Ключевой момент раскрыт почти полностью. Текст системно демонстрирует положительные эффекты санкций: стимул для промышленности (с экспертными оценками), рост МСП (с точной статистикой) и отраслевые достижения (автопром, лёгкая промышленность). Незначительный пробел — отсутствие примеров новых производств в IT, но общий контекст IT-замещения упомянут. Дополнительно усилен тезисом о санкциях как «драйвере развития» от Исаевича.",0,94.625,98.5
2,Отраслевые достижения,"Легкая промышленность: рост с 44 тыс. до 53 тыс. предприятий МСП (2022-2025). Автопром: полный переход на китайские платформы (Chery, JAC, Exeed на заводах Автотора, Москвича, Sollers).",100,"Аспект раскрыт полностью. Детально описаны достижения: рост МСП в лёгкой промышленности (44 тыс. → 53 тыс.), переход автопрома на китайские платформы (JAC, Chery, Exeed на заводах «Автотора», «Москвича», Sollers). Указаны конкретные модели и локации, что соответствует заявленному комментарию.",Положительные эффекты санкций для экономики,Санкции стимулировали развитие внутреннего производства и импортозамещение.,97,"Ключевой момент раскрыт почти полностью. Текст системно демонстрирует положительные эффекты санкций: стимул для промышленности (с экспертными оценками), рост МСП (с точной статистикой) и отраслевые достижения (автопром, лёгкая промышленность). Незначительный пробел — отсутствие примеров новых производств в IT, но общий контекст IT-замещения упомянут. Дополнительно усилен тезисом о санкциях как «драйвере развития» от Исаевича.",0,94.625,98.5
0,Угроза для незавершенного замещения,"Отрасли, не завершившие переход (станкостроение, судостроение, авиапром), могут потерять стимулы для развития при возобновлении импорта.",100,"Аспект раскрыт полностью. Текст детально описывает незавершенность импортозамещения в станкостроении, судостроении и авиапроме (цитата Завьялова), прямо указывая на риск потери стимулов при возобновлении импорта. Упоминаются конкретные меры защиты, например, требования к локализации в автопроме (Бабанский).",Риски отмены санкций для российских производителей,Возврат западных компаний может подорвать достижения импортозамещения.,100,"Ключевой момент раскрыт исчерпывающе. Текст системно демонстрирует риски для российских производителей через призму незавершенного замещения (авиапром, IT), финансовых потерь (АвтоВАЗ, Аэрофлот) и конкурентного давления (МСП, легпром). Экспертные оценки (Калинин, Надоршин, Бабанский) подтверждают уязвимость отраслей при возврате западных компаний. Дополнительно усилен тезисом о необходимости защитных мер (локализация, техсуверенитет).",0,94.625,98.5
1,Финансовые потери,Пример: АвтоВАЗ вложил 100+ млрд руб. в замещение турецких/румынских поставок. Аэрофлот - 92 млрд руб. в 2024 г. на переход на российское ПО и запчасти.,100,"Аспект раскрыт полностью. Приведены конкретные примеры финансовых потерь: инвестиции АвтоВАЗа (100+ млрд руб. в замещение поставок), затраты Аэрофлота (92 млрд руб. на ПО и запчасти). Дополнительно упомянута закредитованность МСП в промышленности (Калинин).",Риски отмены санкций для российских производителей,Возврат западных компаний может подорвать достижения импортозамещения.,100,"Ключевой момент раскрыт исчерпывающе. Текст системно демонстрирует риски для российских производителей через призму незавершенного замещения (авиапром, IT), финансовых потерь (АвтоВАЗ, Аэрофлот) и конкурентного давления (МСП, легпром). Экспертные оценки (Калинин, Надоршин, Бабанский) подтверждают уязвимость отраслей при возврате западных компаний. Дополнительно усилен тезисом о необходимости защитных мер (локализация, техсуверенитет).",0,94.625,98.5
2,Конкурентное давление,"Сектора риска: внутренний туризм (инвестиции населения), пищепром, общепит (малый бизнес после ухода McDonald’s), легкая промышленность (китайская конкуренция уже привела к закрытию Gloria Jeans).",100,"Аспект раскрыт полностью. Текст анализирует все указанные сектора: внутренний туризм (инвестиции населения), пищепром (риск банкротства), общепит (угроза малому бизнесу от возвращения Starbucks/McDonald’s), легкую промышленность (закрытие Gloria Jeans из-за китайской конкуренции). Особо отмечена роль госзаказа в росте легпрома (Нандоршин).",Риски отмены санкций для российских производителей,Возврат западных компаний может подорвать достижения импортозамещения.,100,"Ключевой момент раскрыт исчерпывающе. Текст системно демонстрирует риски для российских производителей через призму незавершенного замещения (авиапром, IT), финансовых потерь (АвтоВАЗ, Аэрофлот) и конкурентного давления (МСП, легпром). Экспертные оценки (Калинин, Надоршин, Бабанский) подтверждают уязвимость отраслей при возврате западных компаний. Дополнительно усилен тезисом о необходимости защитных мер (локализация, техсуверенитет).",0,94.625,98.5
0,Исторические прецеденты,"Частичное смягчение для Вьетнама (через 25 лет), Кубы (через 50+ лет), Ирана (ядерная сделка 2015), Русала (отмена в 2019 после рыночной турбуленции).",100,"Аспект раскрыт полностью. В тексте детально описаны все указанные исторические прецеденты (Вьетнам, Куба, Иран, Русал) со сроками и контекстом, включая рыночные последствия для Русала.",Условия и механизмы снятия санкций США,США используют санкции как переговорный инструмент и редко отменяют их полностью.,100,"Ключевой момент раскрыт полностью. Текст исчерпывающе освещает условия и механизмы снятия санкций США: подтверждены исторические прецеденты частичного смягчения, ключевые требования (изменение ситуации/смена собственников) и политическая мотивация США. Все аспекты подкреплены экспертными мнениями и конкретными примерами.",0,94.625,98.5
1,Ключевые требования,"Изменение фактической ситуации, устранение причин санкций. Для компаний - смена собственников (пример: ОЗОН Банк исключен из SDN-листа в 2022).",100,"Аспект раскрыт полностью. Текст содержит прямую цитату Марии Удодовой о необходимости изменения фактической ситуации, а также пример ОЗОН Банка как кейса смены собственника для исключения из SDN-листа.",Условия и механизмы снятия санкций США,США используют санкции как переговорный инструмент и редко отменяют их полностью.,100,"Ключевой момент раскрыт полностью. Текст исчерпывающе освещает условия и механизмы снятия санкций США: подтверждены исторические прецеденты частичного смягчения, ключевые требования (изменение ситуации/смена собственников) и политическая мотивация США. Все аспекты подкреплены экспертными мнениями и конкретными примерами.",0,94.625,98.5
2,Политическая мотивация,Санкции снимаются только при достижении целей США. Текущий охват: 17 секторов экономики России под ограничениями.,100,"Аспект раскрыт полностью. Подчеркнута роль санкций как переговорного инструмента США (цитата Удодовой), указан охват 17 секторов экономики и связь снятия ограничений исключительно с достижением целей США.",Условия и механизмы снятия санкций США,США используют санкции как переговорный инструмент и редко отменяют их полностью.,100,"Ключевой момент раскрыт полностью. Текст исчерпывающе освещает условия и механизмы снятия санкций США: подтверждены исторические прецеденты частичного смягчения, ключевые требования (изменение ситуации/смена собственников) и политическая мотивация США. Все аспекты подкреплены экспертными мнениями и конкретными примерами.",0,94.625,98.5
0,Автопром,Возврат западных производителей маловероятен из-за перехода на китайские платформы. Условия возврата: запретительные требования по локализации и технологическому суверенитету.,100,"Аспект раскрыт полностью. Текст детально описывает переход автопрома на китайские платформы (Chery, JAC, Exeed), мнение экспертов о маловероятности возврата западных брендов (Toyota, Hyundai) и условия возможного возврата: запретительные требования к локализации, технологическому суверенитету и надежности поставок (цитаты Бабанского, Надоршина).",Отраслевые особенности реакции на возможное смягчение,Разные сектора экономики имеют противоречивые интересы относительно отмены ограничений.,100,"Ключевой момент раскрыт полностью. Текст детально анализирует противоречивые интересы секторов: автопром и авиапром против возврата западных игроков; МСП и легкая промышленность опасаются конкуренции; банки и IT видят риски в откате от импортозамещения. Приведены мнения экспертов (Широв, Симачев, Калинин, Надоршин), подтверждающие конфликт между выгодами от удешевления импорта и угрозами для отечественных производителей.",0,94.625,98.5
1,Авиапром,Переход на 100% импортозамещение. Риск: США могут использовать открытие рынка для технологической зависимости. Краткосрочное решение - импорт комплектующих для покрытия дефицита до освоения технологий.,100,"Аспект раскрыт полностью. Текст подтверждает курс на 100% импортозамещение в авиапроме, задержку поставок до 2026 г., риски технологической зависимости от США (мнение Мирзоева) и краткосрочное решение по импорту комплектующих для покрытия дефицита (позиция Бабанского). Также упомянуты инвестиции в ПО и запчасти (пример «Аэрофлота»).",Отраслевые особенности реакции на возможное смягчение,Разные сектора экономики имеют противоречивые интересы относительно отмены ограничений.,100,"Ключевой момент раскрыт полностью. Текст детально анализирует противоречивые интересы секторов: автопром и авиапром против возврата западных игроков; МСП и легкая промышленность опасаются конкуренции; банки и IT видят риски в откате от импортозамещения. Приведены мнения экспертов (Широв, Симачев, Калинин, Надоршин), подтверждающие конфликт между выгодами от удешевления импорта и угрозами для отечественных производителей.",0,94.625,98.5
2,Приоритетные сектора для США,"Металлургия, химпром (где Россия не создает конкуренции), авиация (для упрощения логистики в Азию). Смягчение вероятно для компаний, не связанных с ВПК или политической элитой.",100,"Аспект раскрыт полностью. Текст указывает приоритеты США: авиация (для логистики в Азию — пример Головченко), металлургия и химпром (где Россия не создает конкуренции — цитата Бабанского). Подтверждена вероятность смягчения для компаний вне ВПК/политической элиты (мнение Мирзоева) и связь с интересами американского бизнеса.",Отраслевые особенности реакции на возможное смягчение,Разные сектора экономики имеют противоречивые интересы относительно отмены ограничений.,100,"Ключевой момент раскрыт полностью. Текст детально анализирует противоречивые интересы секторов: автопром и авиапром против возврата западных игроков; МСП и легкая промышленность опасаются конкуренции; банки и IT видят риски в откате от импортозамещения. Приведены мнения экспертов (Широв, Симачев, Калинин, Надоршин), подтверждающие конфликт между выгодами от удешевления импорта и угрозами для отечественных производителей.",0,94.625,98.5
0,Позитивные аспекты,"Укрепление рубля, удешевление импорта, снижение цен для потребителей. Усиление конкуренции и мотивации для экспорта в развитые страны.",85,"Аспект раскрыт почти полностью. Текст детально описывает позитивные эффекты: укрепление рубля и удешевление импорта (мнение Калинина), усиление конкуренции и мотивацию к экспорту (позиция Симачева). Однако не хватает конкретных данных о масштабах снижения цен или примерах экспортных перспектив.",Макроэкономические последствия отмены санкций,Эффекты будут неоднородными и зависят от сектора.,83,"Ключевой момент раскрыт полно, но неравномерно. Текст детально анализирует неоднородность последствий по секторам (автопром, авиация, МСП и др.), подкрепляя экспертными оценками. Сильные стороны: разбор рисков для отечественных производителей и инвестиций. Слабые: недостаточная глубина в долгосрочных эффектах и обобщающих макропоказателях. Охват секторов (17 под санкциями) подтвержден данными Удодовой.",0,94.625,98.5
1,Отрицательные аспекты,Угроза для отечественных производителей (особенно в пищепроме и легкой пром). Риск обесценивания инвестиций в импортозамещение.,95,"Аспект раскрыт максимально полно. Приведены примеры угроз для пищепрома (Калинин), легкой промышленности (Нандоршин), риски обесценивания инвестиций в автопроме (АвтоВАЗ) и промышленности (Завьялов). Детально описаны механизмы ущерба: кредитная нагрузка, конкуренция с возвращающимися брендами.",Макроэкономические последствия отмены санкций,Эффекты будут неоднородными и зависят от сектора.,83,"Ключевой момент раскрыт полно, но неравномерно. Текст детально анализирует неоднородность последствий по секторам (автопром, авиация, МСП и др.), подкрепляя экспертными оценками. Сильные стороны: разбор рисков для отечественных производителей и инвестиций. Слабые: недостаточная глубина в долгосрочных эффектах и обобщающих макропоказателях. Охват секторов (17 под санкциями) подтвержден данными Удодовой.",0,94.625,98.5
2,Долгосрочные эффекты,"Потенциальный рост ВПК и стратегических отраслей за счет доступа к технологиям. Но экономика адаптировалась к рискам, и резкий возврат к старым цепочкам преждевременен.",70,"Аспект раскрыт частично. Потенциальный рост ВПК через доступ к технологиям упомянут кратко (Нандоршин). Адаптация экономики к рискам показана через мнения Сальникова и Бабанского, включая тезис о преждевременности возврата к старым цепочкам. Однако не хватает анализа долгосрочных макропоказателей (ВВП, инфляция) и глубины в обсуждении технологического суверенитета.",Макроэкономические последствия отмены санкций,Эффекты будут неоднородными и зависят от сектора.,83,"Ключевой момент раскрыт полно, но неравномерно. Текст детально анализирует неоднородность последствий по секторам (автопром, авиация, МСП и др.), подкрепляя экспертными оценками. Сильные стороны: разбор рисков для отечественных производителей и инвестиций. Слабые: недостаточная глубина в долгосрочных эффектах и обобщающих макропоказателях. Охват секторов (17 под санкциями) подтвержден данными Удодовой.",0,94.625,98.5
0,Платежная инфраструктура,"СПФС Банка России покрыла критичные внутренние платежи, но не является глобальной альтернативой SWIFT. CIPS (Китай) отказалась от конкуренции с SWIFT.",100,"Аспект раскрыт полностью. Текст детально описывает СПФС как замену SWIFT для внутренних платежей, подчеркивает её локальный характер и невозможность стать глобальной альтернативой, а также упоминает отказ китайской CIPS от конкуренции с SWIFT. Пример: «СПФС рассчитана исключительно на внутренний рынок», «CIPS могла бы, но не захотела конкурировать».",Финансовый сектор и платежные системы,Санкции ускорили развитие национальных финансовых инструментов.,90,"Ключевой момент раскрыт почти полностью (90%). Текст детально освещает развитие СПФС и интересы США, подтверждая тезис об ускоренном развитии национальных инструментов. Аспект цифрового рубля раскрыт слабее: есть факты о внедрении, но не хватает анализа санкционных рисков. Общий контекст (например, упоминание о бесполезности глобальных проектов под санкциями) косвенно поддерживает комментарий.",0,94.625,98.5
1,Цифровой рубль,"Пилотный запуск в 2023, массовое внедрение отложено. Потенциал для трансграничных расчетов, но ограничен санкционными рисками.",70,"Аспект раскрыт частично. Текст упоминает пилотный запуск цифрового рубля в 2023 г., перенос массового внедрения и его потенциал для трансграничных расчетов. Однако отсутствуют детали о конкретных санкционных рисках, ограничивающих его применение. Пример: «ЦБ начал работу в 2020 г., пилотная эмиссия — 2023 г., массовое внедрение отложено».",Финансовый сектор и платежные системы,Санкции ускорили развитие национальных финансовых инструментов.,90,"Ключевой момент раскрыт почти полностью (90%). Текст детально освещает развитие СПФС и интересы США, подтверждая тезис об ускоренном развитии национальных инструментов. Аспект цифрового рубля раскрыт слабее: есть факты о внедрении, но не хватает анализа санкционных рисков. Общий контекст (например, упоминание о бесполезности глобальных проектов под санкциями) косвенно поддерживает комментарий.",0,94.625,98.5
2,Интересы США,Возврат России в долларовые расчеты - ключевой мотив для смягчения санкций против банков.,100,Аспект раскрыт полностью. Текст явно указывает на интерес США к возвращению России в долларовые расчеты как ключевому мотиву для смягчения санкций против банков. Пример: «Главный мотив новой администрации США — возвращение России в цепочку сделок в долларах».,Финансовый сектор и платежные системы,Санкции ускорили развитие национальных финансовых инструментов.,90,"Ключевой момент раскрыт почти полностью (90%). Текст детально освещает развитие СПФС и интересы США, подтверждая тезис об ускоренном развитии национальных инструментов. Аспект цифрового рубля раскрыт слабее: есть факты о внедрении, но не хватает анализа санкционных рисков. Общий контекст (например, упоминание о бесполезности глобальных проектов под санкциями) косвенно поддерживает комментарий.",0,94.625,98.5
0,Опасения контрагентов,"Компании избегают сотрудничества из-за риска повторных санкций, а не только из-за текущих запретов.",100,"Раскрыт полностью. Текст содержит прямую цитату экономиста Надоршина о том, что компании прекратили сотрудничество из-за риска будущих запретов, а не только текущих санкций ('Многие компании не хотят столкнуться с тем, что через год их услуги или поставки окажутся под запретом, и от греха подальше прекратили сотрудничать с Россией'). Это точно отражает суть аспекта.",Реалистичность восстановления сотрудничества,Даже при формальной отмене санкций доверие подорвано.,87,"Ключевой момент раскрыт полно, но неравномерно. Текст убедительно доказывает подорванное доверие через мнения экспертов (Надоршин, Бабанский), особенно в аспектах опасений контрагентов и условий возврата. Геополитические риски подтверждены, но без акцента на необходимости гарантий стабильности. Средняя оценка отражает высокую, но не абсолютную полноту из-за этого упущения.",0,94.625,98.5
1,Геополитические риски,Контрагенты видели реализацию рисков и не готовы их повторять. Возобновление отношений потребует гарантий стабильности.,70,"Раскрыт частично. Текст подтверждает, что контрагенты видели реализацию рисков и не готовы к повторному сотрудничеству (цитата Надоршина: 'контрагенты видели, как реализуются геополитические риски, и не захотят проверять, случится подобное еще раз или нет'). Однако требование гарантий стабильности для возобновления отношений явно не упомянуто, что снижает полноту.",Реалистичность восстановления сотрудничества,Даже при формальной отмене санкций доверие подорвано.,87,"Ключевой момент раскрыт полно, но неравномерно. Текст убедительно доказывает подорванное доверие через мнения экспертов (Надоршин, Бабанский), особенно в аспектах опасений контрагентов и условий возврата. Геополитические риски подтверждены, но без акцента на необходимости гарантий стабильности. Средняя оценка отражает высокую, но не абсолютную полноту из-за этого упущения.",0,94.625,98.5
2,Условия возврата,"Россия может установить жесткие требования: повышенная локализация, технологический суверенитет, приоритет безопасности над экономической выгодой.",90,"Раскрыт почти полностью. Приведены конкретные примеры требований: заявления Бабанского о 'более строгих условиях возврата', 'высоких требованиях к локализации', 'технологическом суверенитете' и приоритете 'долгосрочной безопасности' над экономикой. Дополнено примерами из автопрома и IT. Не хватает только прямых формулировок о 'приоритете безопасности над выгодой' в ключевых цитатах.",Реалистичность восстановления сотрудничества,Даже при формальной отмене санкций доверие подорвано.,87,"Ключевой момент раскрыт полно, но неравномерно. Текст убедительно доказывает подорванное доверие через мнения экспертов (Надоршин, Бабанский), особенно в аспектах опасений контрагентов и условий возврата. Геополитические риски подтверждены, но без акцента на необходимости гарантий стабильности. Средняя оценка отражает высокую, но не абсолютную полноту из-за этого упущения.",0,94.625,98.5
0,Сущность ставки,Минимальный процент кредитования коммерческих банков и ставка размещения их средств в ЦБ,100,"Раскрыто полностью. Текст содержит прямое определение: «Это наименьший процент, под который Центробанк выдает кредиты коммерческим банкам, а регулятор размещает средства кредитно-финансовых организаций на своих депозитах». Это соответствует комментарию к аспекту.",Определение и функции ключевой ставки,Основной инструмент денежно-кредитной политики ЦБ РФ для регулирования экономики и инфляции,100,"Ключевой момент раскрыт полностью. Текст содержит исчерпывающее определение сущности ключевой ставки, детализирует все основные функции (включая инфляционное таргетирование) и подкрепляет экспертными мнениями. Отсутствуют пробелы в описании инструмента денежно-кредитной политики.",1,91.15,93.5
1,Основные функции,"Контроль инфляции, регулирование экономической активности, управление денежной массой",100,"Раскрыто полностью. Функции детально описаны: контроль инфляции («эффективный инструмент стабилизации уровня инфляции»), регулирование экономической активности («стимулировать или сдерживать экономическую активность»), управление денежной массой («необходима для управления денежной массой в экономике»). Приведены мнения экспертов (Мейнхард, Христианов).",Определение и функции ключевой ставки,Основной инструмент денежно-кредитной политики ЦБ РФ для регулирования экономики и инфляции,100,"Ключевой момент раскрыт полностью. Текст содержит исчерпывающее определение сущности ключевой ставки, детализирует все основные функции (включая инфляционное таргетирование) и подкрепляет экспертными мнениями. Отсутствуют пробелы в описании инструмента денежно-кредитной политики.",1,91.15,93.5
2,Инфляционное таргетирование,"Целевой уровень инфляции - 4%, что балансирует покупательную способность и стимулирует инвестиции",100,"Раскрыто полностью. Указан целевой уровень инфляции (4%) и его роль: «накопления граждан не обесцениваются, у компаний есть стимул вкладывать средства». Объяснена связь с ключевой ставкой: «Для его достижения Банк России меняет ключевую ставку». Подтверждено цитатой Алексея Толстика.",Определение и функции ключевой ставки,Основной инструмент денежно-кредитной политики ЦБ РФ для регулирования экономики и инфляции,100,"Ключевой момент раскрыт полностью. Текст содержит исчерпывающее определение сущности ключевой ставки, детализирует все основные функции (включая инфляционное таргетирование) и подкрепляет экспертными мнениями. Отсутствуют пробелы в описании инструмента денежно-кредитной политики.",1,91.15,93.5
0,Текущий уровень,"21% годовых (решения апреля 2025 года, сохранено с октября 2024)",70,"Аспект раскрыт частично. Текст точно указывает текущий уровень ставки (21%) и дату последнего решения (декабрь 2024), но отсутствует информация о решении апреля 2025 года, упомянутом в комментарии. Указаны только решения до декабря 2024 года.",Текущее значение и динамика ставки,Исторические изменения и современные показатели ключевой ставки,90,"Ключевой момент раскрыт полно, но с незначительным упущением. Текст детально освещает исторические изменения (включая экстремумы) и современные показатели (21% на конец 2024), подтверждённые датами решений и экспертной аналитикой. Однако упоминание апреля 2025 в аспекте текущего уровня осталось без подтверждения в тексте. Динамика 2022-2025 описана исчерпывающе.",1,91.15,93.5
1,Исторические экстремумы,Максимум: 20% в марте 2022; минимум: 4.25% в 2020,100,"Аспект раскрыт полностью. Текст явно указывает исторический максимум (20% в марте 2022) и минимум (4.25% в 2020), подтверждая данные комментария с точными датами и значениями.",Текущее значение и динамика ставки,Исторические изменения и современные показатели ключевой ставки,90,"Ключевой момент раскрыт полно, но с незначительным упущением. Текст детально освещает исторические изменения (включая экстремумы) и современные показатели (21% на конец 2024), подтверждённые датами решений и экспертной аналитикой. Однако упоминание апреля 2025 в аспекте текущего уровня осталось без подтверждения в тексте. Динамика 2022-2025 описана исчерпывающе.",1,91.15,93.5
2,Динамика 2022-2025,"Резкий рост с 9.5% (02.2022) до 20% (03.2022), затем колебания и стабилизация на 21%",100,"Аспект раскрыт полностью. Текст детально описывает динамику: рост с 9.5% (февраль 2022) до 20% (март 2022), последующие колебания и стабилизацию на 21% в 2024 году. Все ключевые изменения периода подтверждены датами и значениями.",Текущее значение и динамика ставки,Исторические изменения и современные показатели ключевой ставки,90,"Ключевой момент раскрыт полно, но с незначительным упущением. Текст детально освещает исторические изменения (включая экстремумы) и современные показатели (21% на конец 2024), подтверждённые датами решений и экспертной аналитикой. Однако упоминание апреля 2025 в аспекте текущего уровня осталось без подтверждения в тексте. Динамика 2022-2025 описана исчерпывающе.",1,91.15,93.5
0,Заседания Совета директоров,"8 плановых заседаний в год (график 2025: 14.02, 21.03, 25.04, 06.06, 25.07, 12.09, 24.10, 19.12)",90,"Аспект раскрыт частично. В тексте указаны точные даты 8 заседаний на 2025 год (14.02, 21.03, 25.04, 25.07, 12.09, 24.10, 19.12), но отсутствует дата заседания в июне. Упоминается периодичность (раз в месяц) и возможность внеплановых заседаний, что соответствует требованиям.",Процесс установления ставки,Механизм принятия решений по ключевой ставке,97,"Ключевой момент раскрыт почти полностью. Наивысшая полнота по критериям (100%) и структуре (100%). По заседаниям незначительный пробел (отсутствие июньской даты - 90%). Текст детально описывает процедуру: частоту заседаний, ответственный орган, методологию анализа данных, публикацию решений. Экспертные комментарии (Мейнхард, Толстик) усиливают глубину раскрытия механизма.",1,91.15,93.5
1,Критерии принятия решений,"Анализ инфляции, рынка труда, кредитования, деловой активности и внешнеторгового баланса",100,"Аспект раскрыт полностью. Текст детально описывает критерии: анализ инфляции (основной параметр), рынка труда, кредитования, деловой активности и внешнеторгового баланса. Подтверждается цитатами экспертов (Мейнхард, Суханов) и указанием на мониторинг десятков экономических параметров.",Процесс установления ставки,Механизм принятия решений по ключевой ставке,97,"Ключевой момент раскрыт почти полностью. Наивысшая полнота по критериям (100%) и структуре (100%). По заседаниям незначительный пробел (отсутствие июньской даты - 90%). Текст детально описывает процедуру: частоту заседаний, ответственный орган, методологию анализа данных, публикацию решений. Экспертные комментарии (Мейнхард, Толстик) усиливают глубину раскрытия механизма.",1,91.15,93.5
2,Ответственная структура,Совет директоров ЦБ из 15 человек во главе с Э. Набиуллиной,100,"Аспект раскрыт полностью. Указан состав Совета директоров (15 человек), роль Эльвиры Набиуллиной как председателя с 2013 года, порядок назначения (Госдумой на 5 лет) и коллегиальный принцип принятия решений.",Процесс установления ставки,Механизм принятия решений по ключевой ставке,97,"Ключевой момент раскрыт почти полностью. Наивысшая полнота по критериям (100%) и структуре (100%). По заседаниям незначительный пробел (отсутствие июньской даты - 90%). Текст детально описывает процедуру: частоту заседаний, ответственный орган, методологию анализа данных, публикацию решений. Экспертные комментарии (Мейнхард, Толстик) усиливают глубину раскрытия механизма.",1,91.15,93.5
0,Кредитование,Рост ставки удорожает кредиты (94% кредитов бизнеса в 2024 - оборотные),100,"Аспект раскрыт полностью. Текст содержит конкретные данные о доле оборотных кредитов (94% в 2024), объясняет причину их роста из-за высокой ставки, цитирует экспертов о влиянии на бизнес и перекладывании издержек на потребителя.",Экономическое влияние,Воздействие ставки на различные сектора экономики,100,"Ключевой момент раскрыт полностью. Текст детально анализирует влияние ставки на все указанные сектора (кредитование, инфляция, сбережения, инвестиции) через: 1) статистические данные, 2) мнения 8 экспертов, 3) исторические примеры, 4) причинно-следственные связи. Рассмотрены позитивные и негативные эффекты для бизнеса и населения.",1,91.15,93.5
1,Инфляция,"Высокая ставка сдерживает потребление, замедляя инфляцию",100,"Аспект раскрыт полностью. Подробно объяснена причинно-следственная связь: высокая ставка → снижение спроса → замедление инфляции. Указаны целевой уровень инфляции (4%), механизмы влияния через сбережения/потребление, мнения экспертов (Мейнхард, Толстик).",Экономическое влияние,Воздействие ставки на различные сектора экономики,100,"Ключевой момент раскрыт полностью. Текст детально анализирует влияние ставки на все указанные сектора (кредитование, инфляция, сбережения, инвестиции) через: 1) статистические данные, 2) мнения 8 экспертов, 3) исторические примеры, 4) причинно-следственные связи. Рассмотрены позитивные и негативные эффекты для бизнеса и населения.",1,91.15,93.5
2,Сбережения,Стимулирует вклады и депозиты через повышение доходности,100,"Аспект раскрыт полностью. Текст демонстрирует прямую корреляцию роста ставки с привлекательностью вкладов, приводит примеры из 2022 года о массовом притоке депозитов, объясняет стимулирование сбережений цитатами экспертов (Мейнхард, Христианов).",Экономическое влияние,Воздействие ставки на различные сектора экономики,100,"Ключевой момент раскрыт полностью. Текст детально анализирует влияние ставки на все указанные сектора (кредитование, инфляция, сбережения, инвестиции) через: 1) статистические данные, 2) мнения 8 экспертов, 3) исторические примеры, 4) причинно-следственные связи. Рассмотрены позитивные и негативные эффекты для бизнеса и населения.",1,91.15,93.5
3,Инвестиции,Снижает долю инвестиционных кредитов (с 21% до 6% за год),100,"Аспект раскрыт полностью. Приведена статистика снижения инвестиционных кредитов (с 21% до 6%), объяснены причины: дороговизна заёмных средств, смещение фокуса на оборотные нужды. Указаны последствия: отсутствие роста МСП, мнения Петрова и Толгского.",Экономическое влияние,Воздействие ставки на различные сектора экономики,100,"Ключевой момент раскрыт полностью. Текст детально анализирует влияние ставки на все указанные сектора (кредитование, инфляция, сбережения, инвестиции) через: 1) статистические данные, 2) мнения 8 экспертов, 3) исторические примеры, 4) причинно-следственные связи. Рассмотрены позитивные и негативные эффекты для бизнеса и населения.",1,91.15,93.5
0,Прогноз ЦБ,"2025: 17-20%, 2026-2027: снижение до 4%",100,"Аспект раскрыт полностью. В тексте присутствует прямой прогноз ЦБ РФ: «в 2025 году средняя ключевая ставка будет в диапазоне 17-20%, в 2026-м достигнет плановых 4%, которые сохранятся и в 2027 году» (со слов Алексея Толстика). Указаны конкретные цифры и временные рамки.",Прогнозы и экспертные оценки,Ожидания развития денежно-кредитной политики,82,"Ключевой момент раскрыт частично. Полностью представлен прогноз ЦБ РФ (аспект 0). Конфликт экспертных мнений (аспект 1) освещен через полярные позиции, но без глубокого анализа аргументации. Риски (аспект 2) упомянуты фрагментарно, преимущественно через цитаты, без систематизации последствий. Отсутствуют прогнозы альтернативных сценариев (например, МВФ или Всемирного банка).",1,91.15,93.5
1,Позиция экспертов,Конфликт мнений: необходимость снижения для поддержки бизнеса vs. борьба с инфляцией,75,"Аспект раскрыт частично. Представлены конфликтующие мнения экспертов: Константин Андрианов выступает за «кардинальное снижение ставки» для поддержки бизнеса, тогда как Артур Мейнхард и Эдуард Христианов объясняют необходимость высокой ставки для борьбы с инфляцией. Однако отсутствует экспертная оценка вероятности реализации этих сценариев.",Прогнозы и экспертные оценки,Ожидания развития денежно-кредитной политики,82,"Ключевой момент раскрыт частично. Полностью представлен прогноз ЦБ РФ (аспект 0). Конфликт экспертных мнений (аспект 1) освещен через полярные позиции, но без глубокого анализа аргументации. Риски (аспект 2) упомянуты фрагментарно, преимущественно через цитаты, без систематизации последствий. Отсутствуют прогнозы альтернативных сценариев (например, МВФ или Всемирного банка).",1,91.15,93.5
2,Риски,Длительная высокая ставка провоцирует рост издержек бизнеса и инфляционное давление,70,"Аспект раскрыт частично. Текст содержит констатацию рисков: Владимир Толгский указывает на рост издержек бизнеса и перекладывание затрат на потребителя, а Константин Андрианов предупреждает о «подливании масла в инфляционный огонь». Однако отсутствует анализ долгосрочных последствий и количественных показателей влияния.",Прогнозы и экспертные оценки,Ожидания развития денежно-кредитной политики,82,"Ключевой момент раскрыт частично. Полностью представлен прогноз ЦБ РФ (аспект 0). Конфликт экспертных мнений (аспект 1) освещен через полярные позиции, но без глубокого анализа аргументации. Риски (аспект 2) упомянуты фрагментарно, преимущественно через цитаты, без систематизации последствий. Отсутствуют прогнозы альтернативных сценариев (например, МВФ или Всемирного банка).",1,91.15,93.5
0,Диапазон значений,От 0.25% (Япония) до 50% (Турция),100,"Аспект 'Диапазон значений' раскрыт полностью. В тексте приведены конкретные значения ключевых ставок для Японии (0.25%), Евросоюза (3.15%), Египта (27.25%) и Турции (47.5-50%), что соответствует указанному диапазону от 0.25% до 50%. Данные сопровождаются пояснением об экстремальных значениях.",Международный контекст,Сравнение с ключевыми ставками других стран,75,"Ключевой момент 'Международный контекст' раскрыт удовлетворительно, но неравномерно. Текст полностью демонстрирует диапазон значений ставок в разных странах с конкретными примерами. Однако анализ факторов различий ограничивается одним примером (Египет) и общими фразами без глубокого сравнения политики ЦБ, инфляционных механизмов или экономических стратегий. Отсутствует сопоставление с политикой ключевых игроков (ФРС, ЕЦБ), хотя их упоминание есть.",1,91.15,93.5
1,Факторы различий,Уровень инфляции (Египет: 27.25% при инфляции 23.7%) и экономическая политика,50,"Аспект 'Факторы различий' раскрыт частично. Текст содержит пример связи ставки и инфляции в Египте (27.25% при инфляции 23.7%) и общее упоминание экономических условий для Турции. Однако отсутствует детализация влияния экономической политики на ставки в других странах, нет анализа механизмов принятия решений зарубежными ЦБ или сравнения с политикой ФРС/ЕЦБ, о которых лишь упомянуто поверхностно.",Международный контекст,Сравнение с ключевыми ставками других стран,75,"Ключевой момент 'Международный контекст' раскрыт удовлетворительно, но неравномерно. Текст полностью демонстрирует диапазон значений ставок в разных странах с конкретными примерами. Однако анализ факторов различий ограничивается одним примером (Египет) и общими фразами без глубокого сравнения политики ЦБ, инфляционных механизмов или экономических стратегий. Отсутствует сопоставление с политикой ключевых игроков (ФРС, ЕЦБ), хотя их упоминание есть.",1,91.15,93.5
0,Источники данных,"Официальный сайт ЦБ (cbr.ru), пресс-релизы, макропрогнозы",100,"Аспект раскрыт полностью. Текст содержит прямые ссылки на официальный сайт ЦБ (cbr.ru) с указанием раздела «Денежно-кредитная политика», подробно упоминает пресс-релизы после заседаний и приводит конкретные данные макропрогнозов ЦБ на 2025-2027 годы. Также указаны сроки публикации резюме обсуждений.",Практические аспекты,Доступ к информации и бизнес-адаптация,83,"Ключевой момент раскрыт в целом полно, но неравномерно. Аспект «Источники данных» освещен исчерпывающе: указаны все запрошенные ресурсы (сайт ЦБ, пресс-релизы, прогнозы) с практическими деталями доступа. Аспект «Адаптация бизнеса» частично недостаточен: хотя финансовые инструменты (флоатеры) описаны глубоко, отсутствует анализ системных изменений бизнес-моделей компаний (например, трансформация производственных циклов или маркетинговых стратегий). Общий акцент смещен в сторону реакции финансового рынка, а не операционных адаптаций бизнеса.",1,91.15,93.5
1,Адаптация бизнеса,"Использование облигаций с плавающим купоном (флоатеры), пересмотр бизнес-моделей",65,"Аспект раскрыт частично. Текст детально описывает использование флоатеров (облигаций с плавающим купоном) как инструмента адаптации, включая примеры Минфина и премии к ставке. Однако пересмотр бизнес-моделей упомянут лишь косвенно: через статистику Сбербанка о смещении кредитов в сторону оборотных средств (94%) и констатацию выбора между «брать дорогие деньги или закрываться». Глубинные стратегии адаптации (диверсификация, оптимизация издержек) не раскрыты.",Практические аспекты,Доступ к информации и бизнес-адаптация,83,"Ключевой момент раскрыт в целом полно, но неравномерно. Аспект «Источники данных» освещен исчерпывающе: указаны все запрошенные ресурсы (сайт ЦБ, пресс-релизы, прогнозы) с практическими деталями доступа. Аспект «Адаптация бизнеса» частично недостаточен: хотя финансовые инструменты (флоатеры) описаны глубоко, отсутствует анализ системных изменений бизнес-моделей компаний (например, трансформация производственных циклов или маркетинговых стратегий). Общий акцент смещен в сторону реакции финансового рынка, а не операционных адаптаций бизнеса.",1,91.15,93.5
